case,method,n,target_mean,grand_mean,target_error,root_n_iqr_scale,root_n_sd
t3_abs,iid,250,1.1026577908435842,1.0957907866872725,-0.006867004156311696,1.1031951652652634,1.2239005237640443
t3_abs,iid,1000,1.1026577908435842,1.098563271324049,-0.004094519519535211,1.4412529382718942,1.2974426865364457
t3_abs,iid,4000,1.1026577908435842,1.101099501986117,-0.0015582888574672271,1.2626749327516884,1.2568087930817984
t3_abs,ula,250,1.1026577908435842,1.255792818525359,0.1531350276817749,5.3281557397492305,29.91903803574258
t3_abs,ula,1000,1.1026577908435842,1.2215919797933465,0.11893418894976238,7.8872419465581025,38.59340935529854
t3_abs,ula,4000,1.1026577908435842,1.1341154870899506,0.03145769624636641,7.730864836501013,20.748885956335652
t3_abs,uhmc_5,250,1.1026577908435842,1.1118955976252267,0.009237806781642544,2.086866169588772,3.010447466564547
t3_abs,uhmc_5,1000,1.1026577908435842,1.0978370406127687,-0.004820750230815518,2.444442247726015,2.7449496260323114
t3_abs,uhmc_5,4000,1.1026577908435842,1.1283444534512737,0.02568666260768948,2.93390255244724,10.207578823491717
t3_abs,uhmc_10,250,1.1026577908435842,1.0940898916231387,-0.00856789922044543,2.9114656972606676,3.120532246425417
t3_abs,uhmc_10,1000,1.1026577908435842,1.118792480207751,0.016134689364166732,3.524485809433499,3.495037198171662
t3_abs,uhmc_10,4000,1.1026577908435842,1.1233589886793245,0.020701197835740315,4.091167694705731,3.4270472799740634
t3_abs,uhmc_random,250,1.1026577908435842,1.1093973943967796,0.006739603553195472,2.578120532532694,4.295998086963014
t3_abs,uhmc_random,1000,1.1026577908435842,1.123230267837151,0.0205724769935669,2.743958402734154,7.165491265318783
t3_abs,uhmc_random,4000,1.1026577908435842,1.1315183179039208,0.028860527060336594,3.7862570297306077,6.535865545114833
t3_abs,hmc_5,250,1.1026577908435842,1.112018429711344,0.00936063886775984,2.031132776719948,5.35082603379582
t3_abs,hmc_5,1000,1.1026577908435842,1.1118670936619326,0.00920930281834842,2.839265673778153,5.237762323766532
t3_abs,hmc_5,4000,1.1026577908435842,1.0904394083597049,-0.012218382483879298,3.5587751060524995,4.191808646025097
t3_abs,hmc_10,250,1.1026577908435842,1.1482358241706958,0.04557803332711163,2.7090081560571844,4.332844236511351
t3_abs,hmc_10,1000,1.1026577908435842,1.1293850717865415,0.026727280942957288,2.835104432423501,5.177077989702702
t3_abs,hmc_10,4000,1.1026577908435842,1.099543168422611,-0.0031146224209732676,2.866793742649295,3.740398043719308
t3_abs,hmc_random,250,1.1026577908435842,1.0519873000957503,-0.05067049074783392,2.181041662845691,2.5169050837010882
t3_abs,hmc_random,1000,1.1026577908435842,1.0965631896867287,-0.00609460115685545,3.0326987438875888,4.3510971060624595
t3_abs,hmc_random,4000,1.1026577908435842,1.105504454117673,0.0028466632740888898,3.447566419033486,5.1685549576069825
t3_abs,nuts,250,1.1026577908435842,1.1141126295520172,0.011454838708433002,2.7772865448346264,3.4844754002460605
t3_abs,nuts,1000,1.1026577908435842,1.1074814846438263,0.004823693800242168,3.8055664842891663,4.282516025981148
t3_abs,nuts,4000,1.1026577908435842,1.1118844587188863,0.00922666787530213,3.9155702822179075,4.026518605070313
t1_tail,iid,250,0.2951672353008664,0.29209375,-0.00307348530086643,0.5157239861945975,0.48501740166849666
t1_tail,iid,1000,0.2951672353008664,0.2960390625,0.0008718271991335902,0.445397988077153,0.47670790911231614
t1_tail,iid,4000,0.2951672353008664,0.2946484375,-0.0005187978008663885,0.46883998744963473,0.4327600374341424
t1_tail,ula,250,0.2951672353008664,0.3165,0.02133276469913359,4.711841873868824,4.888456594265285
t1_tail,ula,1000,0.2951672353008664,0.32227343750000004,0.027106202199133622,5.227565860063422,7.242184725884764
t1_tail,ula,4000,0.2951672353008664,0.30951171875,0.014344483449133583,6.1564550851980115,10.35926054184937
t1_tail,uhmc_5,250,0.2951672353008664,0.31174999999999997,0.016582764699133556,1.5237299592113112,2.3447142767019775
t1_tail,uhmc_5,1000,0.2951672353008664,0.313078125,0.01791088969913357,1.5530324584269135,4.072664026607406
t1_tail,uhmc_5,4000,0.2951672353008664,0.3091015625,0.013934327199133567,2.33833943740505,5.881523999533337
t1_tail,uhmc_10,250,0.2951672353008664,0.30334375,0.008176514699133608,1.5120089595250703,1.743501361637408
t1_tail,uhmc_10,1000,0.2951672353008664,0.29634375,0.0011765146991336017,1.4006594625057822,1.5313698129246924
t1_tail,uhmc_10,4000,0.2951672353008664,0.296892578125,0.0017253428241335578,1.7757314524654888,2.156234947311375
t1_tail,uhmc_random,250,0.2951672353008664,0.29700000000000004,0.0018327646991336266,1.254146966427772,2.3392710352539217
t1_tail,uhmc_random,1000,0.2951672353008664,0.30174999999999996,0.0065827646991335476,1.8753599497985376,3.858291001054599
t1_tail,uhmc_random,4000,0.2951672353008664,0.3073359375,0.012168702199133574,2.4877821834046205,6.397587032051786
t1_tail,hmc_5,250,0.2951672353008664,0.2960625,0.0008952646991335911,1.4885669601525893,2.8282821850215436
t1_tail,hmc_5,1000,0.2951672353008664,0.28621093750000004,-0.008956297800866375,1.6585214556030807,3.3798864360173426
t1_tail,hmc_5,4000,0.2951672353008664,0.298265625,0.0030983896991335635,2.458479684189022,6.145219558746202
t1_tail,hmc_10,250,0.2951672353008664,0.29884374999999996,0.0036765146991335484,1.0431689720754365,1.3949775454688167
t1_tail,hmc_10,1000,0.2951672353008664,0.296453125,0.0012858896991335689,1.1134949701928811,1.4633359546398537
t1_tail,hmc_10,4000,0.2951672353008664,0.291708984375,-0.003458250925866435,1.6380097061521603,2.0009208287112883
t1_tail,hmc_random,250,0.2951672353008664,0.29037500000000005,-0.004792235300866365,1.676102955132443,2.2359191947987056
t1_tail,hmc_random,1000,0.2951672353008664,0.29496093749999996,-0.00020629780086645066,2.2621529394444857,3.419617794970821
t1_tail,hmc_random,4000,0.2951672353008664,0.29923046875,0.004063233449133563,2.1918269413270406,3.853022951356649
t1_tail,nuts,250,0.2951672353008664,0.29603124999999997,0.0008640146991335529,1.535450958897552,1.4710539602397348
t1_tail,nuts,1000,0.2951672353008664,0.2946953125,-0.0004719228008664422,1.2951704653296146,1.5454151576034167
t1_tail,nuts,4000,0.2951672353008664,0.29233984375000005,-0.002827391550866365,1.4944274599957095,1.6839080136179563
t1p5_tail,iid,250,0.22418833035605107,0.22243750000000004,-0.0017508303560510308,0.42195598870467094,0.4118125385768795
t1p5_tail,iid,1000,0.22418833035605107,0.22328906250000002,-0.0008992678560510448,0.42195598870467127,0.42926695149942107
t1p5_tail,iid,4000,0.22418833035605107,0.22353125000000001,-0.0006570803560510541,0.4541887378418336,0.40759521374485824
t1p5_tail,ula,250,0.22418833035605107,0.2165625,-0.007625830356051078,2.7661559259528423,3.9329156852647595
t1p5_tail,ula,1000,0.22418833035605107,0.21353125,-0.010657080356051063,3.6100679033621845,5.38856464533997
t1p5_tail,ula,4000,0.22418833035605107,0.221390625,-0.002797705356051061,4.149233888929263,7.9038266297851445
t1p5_tail,uhmc_5,250,0.22418833035605107,0.22006250000000002,-0.004125830356051047,0.9376799748992688,1.1165465422911678
t1p5_tail,uhmc_5,1000,0.22418833035605107,0.2175390625,-0.006649267856051078,1.154518469094724,1.1530439163925723
t1p5_tail,uhmc_5,4000,0.22418833035605107,0.22644921875000001,0.0022608883939489455,1.2307049670552899,1.736234226387083
t1p5_tail,uhmc_10,250,0.22418833035605107,0.22825000000000004,0.0040616696439489675,0.9845639736442324,1.4623624506283912
t1p5_tail,uhmc_10,1000,0.22418833035605107,0.229609375,0.005421044643948936,1.1310764697222424,1.7849953544349435
t1p5_tail,uhmc_10,4000,0.22418833035605107,0.232921875,0.008733544643948932,0.9435404747423886,3.1523168270262363
t1p5_tail,uhmc_random,250,0.22418833035605107,0.22818750000000004,0.003999169643948974,1.1252159698791229,1.5403417020437764
t1p5_tail,uhmc_random,1000,0.22418833035605107,0.22778125,0.003592919643948922,1.1134949701928811,1.5397460548369093
t1p5_tail,uhmc_random,4000,0.22418833035605107,0.23031640625,0.0061280758939489255,1.3156822147805363,1.8097531962667277
t1p5_tail,hmc_5,250,0.22418833035605107,0.2179375,-0.0062508303560510625,0.8439119774093419,1.1062310098908341
t1p5_tail,hmc_5,1000,0.22418833035605107,0.2158671875,-0.008321142856051067,1.2307049670552899,1.4313936334076112
t1p5_tail,hmc_5,4000,0.22418833035605107,0.220142578125,-0.004045752231051081,1.6468004559168394,1.5614571273670357
t1p5_tail,hmc_10,250,0.22418833035605107,0.21653125000000004,-0.0076570803560510325,0.9376799748992688,1.0907592124061198
t1p5_tail,hmc_10,1000,0.22418833035605107,0.21925,-0.004938330356051068,1.0314479723891952,1.197010712428795
t1p5_tail,hmc_10,4000,0.22418833035605107,0.22249999999999998,-0.0016883303560510932,0.890795976154306,1.1264221107797658
t1p5_tail,hmc_random,250,0.22418833035605107,0.21590625000000002,-0.008282080356051047,0.8556329770955827,0.9888341928875751
t1p5_tail,hmc_random,1000,0.22418833035605107,0.21878124999999998,-0.005407080356051086,1.2717284659571328,1.2053550951946945
t1p5_tail,hmc_random,4000,0.22418833035605107,0.22013085937500002,-0.004057470981051053,1.4006594625057835,1.5594920998905581
t1p5_tail,nuts,250,0.22418833035605107,0.22631250000000003,0.002124169643948959,1.23070496705529,1.2611857781188045
t1p5_tail,nuts,1000,0.22418833035605107,0.22816406250000001,0.003975732143948946,1.447543461250746,1.4338911177969023
t1p5_tail,nuts,4000,0.22418833035605107,0.229591796875,0.005403466518948935,1.2541469664277716,1.2841567457336307
